Country,case,2020-10-22,2020-10-21,2020-10-20,2020-10-19,2020-10-18,2020-10-17,2020-10-16,2020-10-15,2020-10-14,2020-10-13,2020-10-12,2020-10-11,2020-10-10,2020-10-09,2020-10-08,2020-10-07,2020-10-06,2020-10-05,2020-10-04,2020-10-03,2020-10-02,2020-10-01,2020-09-30,2020-09-29,2020-09-28,2020-09-27,2020-09-26,2020-09-25,2020-09-24,2020-09-23,2020-09-22,2020-09-21,2020-09-20,2020-09-19,2020-09-18,2020-09-17,2020-09-16,2020-09-15,2020-09-14,2020-09-13,2020-09-12,2020-09-11,2020-09-10,2020-09-09,2020-09-08,2020-09-07,2020-09-06,2020-09-05,2020-09-04,2020-09-03,2020-09-02,2020-09-01,2020-08-31,2020-08-30,2020-08-29,2020-08-28,2020-08-27,2020-08-26,2020-08-25,2020-08-24,2020-08-23,2020-08-22,2020-08-21,2020-08-20,2020-08-19,2020-08-18,2020-08-17,2020-08-16,2020-08-15,2020-08-14,2020-08-13,2020-08-12,2020-08-11,2020-08-10,2020-08-09,2020-08-08,2020-08-07,2020-08-06,2020-08-05,2020-08-04,2020-08-03,2020-08-02,2020-08-01,2020-07-31,2020-07-30,2020-07-29,2020-07-28,2020-07-27,2020-07-26,2020-07-25,2020-07-24,2020-07-23,2020-07-22,2020-07-21,2020-07-20,2020-07-19,2020-07-18,2020-07-17,2020-07-16,2020-07-15,2020-07-14,2020-07-13,2020-07-12,2020-07-11,2020-07-10,2020-07-09,2020-07-08,2020-07-07,2020-07-06,2020-07-05,2020-07-04,2020-07-03,2020-07-02,2020-07-01,2020-06-30,2020-06-29,2020-06-28,2020-06-27,2020-06-26,2020-06-25,2020-06-24,2020-06-23,2020-06-22,2020-06-21,2020-06-20,2020-06-19,2020-06-18,2020-06-17,2020-06-16,2020-06-15,2020-06-14,2020-06-13,2020-06-12,2020-06-11,2020-06-10,2020-06-09,2020-06-08,2020-06-07,2020-06-06,2020-06-05,2020-06-04,2020-06-03,2020-06-02,2020-06-01,2020-05-31,2020-05-30,2020-05-29,2020-05-28,2020-05-27,2020-05-26,2020-05-25,2020-05-24,2020-05-23,2020-05-22,2020-05-21,2020-05-20,2020-05-19,2020-05-18,2020-05-17,2020-05-16,2020-05-15,2020-05-14,2020-05-13,2020-05-12,2020-05-11,2020-05-10,2020-05-09,2020-05-08,2020-05-07,2020-05-06,2020-05-05,2020-05-04,2020-05-03,2020-05-02,2020-05-01,2020-04-30,2020-04-29,2020-04-28,2020-04-27,2020-04-26,2020-04-25,2020-04-24,2020-04-23,2020-04-22,2020-04-21,2020-04-20,2020-04-19,2020-04-18,2020-04-17,2020-04-16,2020-04-15,2020-04-14,2020-04-13,2020-04-12,2020-04-11,2020-04-10,2020-04-09,2020-04-08,2020-04-07,2020-04-06,2020-04-05,2020-04-04,2020-04-03,2020-04-02,2020-04-01,2020-03-31,2020-03-30,2020-03-29,2020-03-28,2020-03-27,2020-03-26,2020-03-25,2020-03-24,2020-03-23,2020-03-22,2020-03-21,2020-03-20,2020-03-19,2020-03-18,2020-03-17,2020-03-16,2020-03-15,2020-03-14,2020-03-13,2020-03-12,2020-03-11,2020-03-10,2020-03-09,2020-03-08,2020-03-07,2020-03-06,2020-03-05,2020-03-04,2020-03-03,2020-03-02,2020-03-01,2020-02-29,2020-02-28,2020-02-27,2020-02-26,2020-02-25,2020-02-24,2020-02-23,2020-02-22,2020-02-21,2020-02-20,2020-02-19,2020-02-18,2020-02-17,2020-02-16,2020-02-15,2020-02-14,2020-02-13,2020-02-12,2020-02-11,2020-02-10,2020-02-09,2020-02-08,2020-02-07,2020-02-06,2020-02-05,2020-02-04,2020-02-03,2020-02-02,2020-02-01,2020-01-31,2020-01-30,2020-01-29,2020-01-28,2020-01-27,2020-01-26,2020-01-25
Algeria,confirm,55357,55081,54829,54616,54402,54203,53998,53777,53584,53399,53325,53072,52940,52804,52658,52520,52399,52270,52136,51995,51847,51690,51530,51368,51213,51067,50914,50754,50579,50400,50214,50023,49826,49623,49413,49194,48966,48734,48496,48254,48007,47752,47488,47216,46938,46653,46364,46071,45773,45469,45158,44833,44494,44146,43781,43403,43016,42619,42228,41858,41460,41068,40667,40258,39847,39444,39025,38583,38133,37664,37187,36699,36204,35712,35160,34693,34155,33626,33055,32504,31972,31465,30950,30394,29831,29229,28615,27973,27357,26764,26159,25484,24872,24278,23691,23084,22549,21948,21355,20770,20216,19689,19195,18712,18242,17808,17348,16879,16404,15941,15500,15070,14657,14272,13907,13571,13273,12968,12685,12445,12248,12076,11920,11771,11631,11504,11385,11268,11147,11031,10919,10810,10698,10589,10484,10382,10265,10154,10050,9935,9831,9733,9626,9513,9394,9267,9134,8997,8857,8697,8503,8306,8113,7918,7728,7542,7377,7201,7019,6821,6629,6442,6253,6067,5891,5723,5558,5369,5182,4997,4838,4648,4474,4295,4154,4006,3848,3649,3517,3382,3256,3127,3007,2910,2811,2718,2629,2534,2418,2268,2160,2070,1983,1914,1825,1761,1666,1572,1468,1423,1320,1251,1171,986,847,716,584,511,454,409,367,302,264,230,201,139,90,87,74,60,54,48,37,26,24,20,20,20,19,17,17,12,12,5,3,1,1,1,1,1,1,,,,,,,,,,,,,,,,,,,,,,,,,,,,,,,
Algeria,recovered,38618,38482,38346,38215,38088,37971,37856,37603,37603,37492,37382,37170,37170,37067,36958,36857,36763,36672,36578,36482,36385,36282,36174,36063,35962,35860,35756,35654,35544,35428,35307,35180,35047,34923,34818,34675,34517,34385,34204,34037,33875,33723,33562,33379,33183,32985,32745,32481,32259,32006,31746,31493,31244,30978,30717,30436,30157,29886,29587,29369,29142,28874,28587,28281,27971,27653,27347,27017,26644,26308,26004,25627,25263,24920,24506,24083,23667,23238,22802,22375,21901,21419,20988,20537,20082,19592,19233,18837,18088,18076,17369,17369,16983,16646,16400,16051,15744,15430,15107,14792,14295,14019,13743,13124,13124,12637,12329,12094,11884,11492,11181,10832,10342,10040,9897,9674,9371,9202,9066,8920,8792,8674,8559,8422,8324,8196,8078,7943,7842,7735,7606,7420,7322,7255,7074,6951,6799,6717,6631,6453,6297,6218,6067,5894,5748,5549,5422,5277,5129,4918,4747,4784,4426,4256,4062,3968,3746,3625,3507,3409,3271,3158,3058,2998,2841,2678,2546,2467,2323,2197,2067,1998,1936,1872,1821,1779,1702,1651,1558,1508,1479,1408,1355,1204,1152,1099,1047,894,846,783,708,691,601,591,460,405,347,237,113,90,90,90,62,61,61,46,37,31,31,29,29,65,24,65,65,32,32,32,12,12,12,12,12,8,8,,,,,,,,,,,,,,,,,,,,,,,,,,,,,,,,,,,,,,,,,,,,,,,
Algeria,death,1888,1880,1873,1865,1856,1846,1841,1827,1827,1818,1809,1801,1795,1789,1783,1771,1768,1768,1760,1756,1749,1741,1736,1726,1719,1714,1711,1707,1703,1698,1689,1679,1672,1665,1659,1654,1645,1632,1620,1612,1605,1599,1591,1581,1571,1562,1556,1549,1539,1529,1523,1518,1510,1501,1491,1483,1475,1465,1456,1446,1435,1424,1418,1411,1402,1391,1379,1370,1360,1351,1341,1333,1322,1312,1302,1293,1282,1273,1261,1248,1239,1231,1223,1210,1200,1186,1174,1163,1155,1146,1136,1124,1111,1100,1087,1078,1068,1057,1052,1040,1028,1018,1011,1004,996,988,978,968,959,952,946,937,928,920,912,905,897,892,885,878,869,861,852,845,837,825,811,799,788,777,767,760,751,741,732,724,715,707,698,690,681,673,667,661,653,646,638,630,623,617,609,600,592,582,575,568,561,555,548,542,536,529,522,515,507,502,494,488,483,476,470,465,463,459,453,450,444,437,432,425,419,415,407,402,392,384,375,367,364,348,336,326,313,293,275,256,235,205,193,173,152,130,105,86,58,44,35,31,29,26,25,21,19,17,17,15,11,9,7,4,4,4,3,2,1,,,,,,,,,,,,,,,,,,,,,,,,,,,,,,,,,,,,,,,,,,,,,,,
Bahrain,confirm,79211,78907,78533,78224,77902,77571,77325,76954,76621,76272,75948,75614,75287,74860,74422,73932,73476,73116,72662,72310,71803,71374,70864,70422,69848,69361,68775,68190,67701,67014,66402,65752,65039,64499,63879,63189,62484,61643,60965,60307,59586,58839,58207,57450,56778,56076,55415,54771,54095,53433,52807,52440,51972,51574,51391,51113,50756,50393,50076,49719,49330,49038,48661,48303,47950,47581,47185,46835,46430,46052,45726,45264,44804,44397,44011,43629,43307,42889,42514,42132,41835,41536,41190,40982,40755,40311,39921,39482,39131,38747,38458,37996,37637,37316,36936,36422,36004,35473,35084,34560,34078,33476,32941,32470,32039,31528,30931,30321,29821,29367,28857,28410,27837,27414,26758,26239,25705,25267,24805,24081,23570,23062,22407,21764,21331,20916,20430,19961,19553,19013,18227,17713,17269,16667,16200,15731,15417,14763,14383,13835,13296,12815,12311,11871,11398,10793,10449,10052,9692,9366,9171,9138,8802,8414,8174,7888,7532,7184,6956,6747,6583,6198,5816,5531,5236,4941,4774,4444,4199,3934,3720,3533,3383,3284,3170,3040,2921,2811,2723,2647,2588,2518,2217,2027,1973,1907,1881,1773,1740,1700,1671,1528,1361,1136,1040,925,887,823,811,756,700,688,672,643,569,567,515,499,476,466,458,419,392,377,334,305,285,278,256,228,214,214,210,195,195,195,110,95,85,85,60,55,52,49,49,47,41,36,33,33,23,1,,,,,,,,,,,,,,,,,,,,,,,,,,,,,,
Bahrain,recovered,75840,75424,75089,74683,74320,73841,73421,73013,72561,72164,71687,71249,70808,70406,69411,69411,68606,67933,67475,66813,66184,65550,64838,64267,63549,62887,62252,61475,60853,60117,59367,58626,57950,57299,56700,56087,55444,54831,54204,53681,53192,52776,52284,51819,51574,51240,50946,50645,50323,50013,49645,49395,49047,48654,48275,47760,47370,47049,46673,46311,45981,45589,45166,44628,44278,43921,43529,43128,42806,42469,42180,41836,41504,41209,40967,40549,40276,39945,39576,39335,39007,38666,38211,37840,37357,36920,36531,36110,35689,35205,34826,34412,33894,33455,32965,32372,31765,31188,30809,30320,29753,29099,28425,27828,27213,26520,26073,25570,25178,24649,23959,23318,22583,21948,21331,20928,20517,19781,19137,18501,17977,17450,16862,16419,15790,15287,14696,14185,13866,13267,12818,12191,11903,11487,11109,10606,10326,9468,9056,8585,7728,7410,7407,7070,6673,5826,5700,5419,5152,4938,4753,4587,4465,4096,3873,3568,2952,2931,2910,2762,2640,2353,2205,2192,2152,2070,2055,2028,2000,1860,1762,1744,1718,1568,1555,1500,1455,1310,1218,1189,1160,1113,1082,1026,784,769,759,755,725,703,663,645,591,558,555,539,519,477,458,458,431,423,382,381,337,295,279,272,265,227,204,177,177,149,149,125,100,100,88,81,77,60,44,44,35,35,22,14,4,4,4,,,,,,,,,,,,,,,,,,,,,,,,,,,,,,,,,,,,,,,,,
Bahrain,death,308,308,305,302,300,293,292,289,287,285,280,275,273,271,264,262,262,261,260,258,255,254,251,246,245,242,239,236,231,231,227,224,221,221,220,217,216,213,213,212,211,208,207,203,202,200,199,196,195,190,190,190,190,189,189,189,188,186,186,185,184,183,181,179,178,175,173,170,170,168,167,166,165,163,162,161,159,156,154,151,150,147,147,147,146,144,141,141,140,137,136,134,130,129,128,126,124,124,121,117,111,109,108,104,104,103,98,98,98,97,96,95,94,92,87,84,83,78,73,71,69,67,65,63,60,57,55,49,47,46,42,37,36,34,31,29,27,26,24,22,21,20,19,19,19,17,15,15,15,14,14,14,13,12,12,12,12,12,12,12,12,10,10,9,8,8,8,8,8,8,8,8,8,8,8,8,8,8,8,8,8,8,8,7,7,7,7,7,7,7,7,7,6,6,6,6,5,5,5,4,4,4,4,4,4,4,4,4,4,4,4,4,3,2,2,1,1,1,1,1,1,,,,,,,,,,,,,,,,,,,,,,,,,,,,,,,,,,,,,,,,,,,,,,,,,,,
Egypt,confirm,106060,105883,105705,105547,105424,105297,105159,105033,104915,104787,104648,104516,104387,104262,104156,104035,103902,103781,103683,103575,103466,103317,103198,103079,102955,102840,102736,102625,102513,102375,102254,102141,102015,101900,101772,101641,101500,101340,101177,101009,100856,100708,100557,100403,100228,100041,99863,99712,99582,99425,99280,99115,98939,98727,98497,98285,98062,97825,97619,97478,97340,97237,97148,97025,96914,96753,96590,96475,96336,96220,96108,95963,95834,95666,95492,95314,95147,95006,94875,94752,94640,94483,94316,94078,93757,93356,92947,92482,92062,91583,91072,90413,89745,89078,88402,87775,87172,86474,85771,84843,83930,83001,82070,81158,80235,79254,78304,77279,76222,75253,74035,72711,71299,69814,68311,66754,65188,63923,62755,61130,59561,58141,56809,55233,53758,52211,50437,49219,47856,46289,44598,42980,41303,39726,38284,36829,35444,34079,32612,31115,29767,28615,27536,26384,24985,23449,22082,20793,19666,18756,17967,17265,16513,15786,15003,14229,13484,12764,12229,11719,11228,10829,10431,10093,9746,9400,8964,8476,7981,7588,7201,6813,6465,6193,5895,5537,5268,5042,4782,4534,4319,4092,3891,3659,3490,3333,3144,3032,2844,2673,2505,2350,2190,2065,1939,1794,1699,1560,1450,1322,1173,1070,985,865,779,710,656,609,576,536,495,456,402,366,327,294,285,256,196,196,150,110,109,80,67,60,59,55,49,15,15,3,2,2,2,2,1,1,1,1,1,1,1,1,1,1,1,1,1,1,1,1,,,,,,,,,,,,,,,,,,,,
Egypt,recovered,98624,98516,98413,98314,98247,98157,98089,98011,97920,97841,97743,97688,97643,97592,97524,97492,97449,97398,97355,97274,97143,96855,96494,96094,95586,95080,94374,93531,92644,91843,91143,90332,89532,88666,87958,87158,86549,85745,84969,84161,83261,82473,81597,80689,79886,79008,78108,77208,76305,75415,74626,73828,72929,72120,71302,70419,69612,68713,67717,66817,65927,65118,64318,63462,62553,61562,60651,59743,58835,57858,56890,55901,54888,53779,52678,51672,50553,48898,47182,45569,44066,42455,41137,39638,38236,37025,35959,34838,33831,32903,31970,31066,30075,29473,28924,28380,27868,27302,26691,26135,25544,24975,24419,23876,23274,22753,22241,21718,21238,20726,20103,19690,19288,18881,18460,17951,17539,17140,16737,16338,15935,15535,15133,14736,14327,13928,13528,13141,12730,12329,11931,11529,11108,10691,10289,9786,9375,8961,8538,8158,7756,7350,6827,6447,6037,5693,5511,5359,5205,5027,4900,4807,4628,4374,4217,3994,3742,3440,3172,2950,2799,2626,2486,2326,2172,2075,2002,1945,1887,1815,1730,1632,1562,1522,1460,1381,1335,1304,1236,1176,1114,1075,1004,935,870,821,732,701,646,596,589,589,589,589,426,384,348,305,276,259,247,241,216,201,179,157,150,132,121,116,102,95,80,56,56,41,39,32,32,32,27,21,27,27,27,27,1,1,1,1,1,1,1,1,1,1,1,1,,,,,,,,,,,,,,,,,,,,,,,,,,,,,,,,,,
Egypt,death,6166,6155,6142,6130,6120,6109,6099,6088,6077,6071,6062,6052,6040,6029,6017,6010,6001,5990,5981,5970,5956,5946,5930,5914,5901,5883,5869,5853,5835,5822,5806,5787,5770,5750,5733,5715,5696,5679,5661,5648,5627,5607,5590,5577,5560,5541,5530,5511,5495,5479,5461,5440,5421,5399,5376,5362,5342,5317,5298,5280,5262,5243,5231,5212,5197,5184,5173,5160,5141,5124,5107,5085,5059,5035,5009,4992,4971,4951,4930,4912,4888,4865,4834,4805,4774,4728,4691,4652,4606,4558,4518,4480,4440,4399,4352,4302,4251,4188,4120,4067,4008,3935,3858,3769,3702,3617,3564,3489,3422,3343,3280,3201,3120,3034,2953,2872,2789,2708,2620,2533,2450,2365,2278,2193,2106,2017,1938,1850,1766,1672,1575,1484,1422,1377,1342,1306,1271,1237,1198,1166,1126,1088,1052,1005,959,913,879,845,816,797,783,764,735,707,696,680,659,645,630,612,592,571,556,544,533,525,514,503,482,469,452,436,429,415,406,392,380,359,337,317,307,294,287,276,264,250,239,224,205,196,183,178,164,159,146,135,118,103,94,85,78,71,66,58,52,46,41,40,36,30,24,21,20,19,14,10,8,6,6,4,2,2,2,2,1,1,1,1,1,,,,,,,,,,,,,,,,,,,,,,,,,,,,,,,,,,,,,,,,,,,
Iraq,confirm,442164,438265,434598,430678,426634,423524,420303,416802,413215,409358,405437,402330,400124,397780,394566,391044,387121,382949,379141,375931,372259,367474,362981,358290,353566,349450,345969,341699,337106,332635,327580,322856,319035,315597,311690,307385,303059,298702,294478,290309,286778,282672,278418,273821,269578,264684,260370,256719,252075,247039,242284,238338,234934,231177,227446,223612,219435,215784,211947,207985,204341,201050,197085,192797,188802,184709,180133,176931,172583,168290,164277,160436,156995,153599,150115,147389,144064,140603,137556,134722,131886,129151,126704,124609,121263,118300,115332,112585,110032,107573,104711,102226,99865,97159,94693,92530,90220,88171,86148,83867,81757,79735,77506,75194,72460,69612,67442,64701,62275,60479,58354,56020,53708,51524,49109,47151,45402,43262,41193,39139,36702,34502,32676,30868,29222,27352,25717,24254,22700,21315,20209,18950,17770,16675,15414,14268,13481,12366,11098,9846,8840,8168,7387,6868,6439,6179,5873,5457,5135,4848,4632,4469,4272,3964,3877,3724,3611,3554,3404,3260,3193,3143,3032,2913,2818,2767,2679,2603,2543,2480,2431,2346,2296,2219,2153,2085,2003,1928,1847,1820,1763,1708,1677,1631,1602,1574,1539,1513,1482,1434,1415,1400,1378,1352,1318,1279,1232,1202,1122,1031,961,878,820,772,728,694,630,547,506,458,382,346,316,266,233,214,208,192,164,154,124,116,110,101,71,71,71,60,60,54,40,35,35,32,26,19,13,7,7,5,1,1,,,,,,,,,,,,,,,,,,,,,,,,,,,,,,
Iraq,recovered,371826,369010,366134,363532,360477,357291,353962,350752,347396,344208,340050,336157,332330,328097,323815,319784,316371,312158,307482,303665,299804,295882,292197,288812,284784,280673,276918,273266,268761,264988,261757,258075,253591,249539,245305,241100,237241,233346,229132,224705,221283,217396,213817,209993,206324,202859,198560,195259,191368,187757,184205,180473,176602,172880,169020,164874,161009,157215,153761,150389,146409,143393,140446,137200,134369,131840,128945,125374,122700,120129,117208,114541,112102,109790,107775,105504,103197,101025,98442,96103,94111,91886,89275,87434,85546,83461,81062,77144,75217,73317,71268,69405,67147,64950,62836,60528,58492,56495,54316,52621,50782,46998,44724,43079,41380,39502,37879,36252,34741,33017,31077,29600,27912,26267,24760,22974,21122,19938,18859,18051,16814,15753,14785,13935,13211,12205,11333,10770,9862,9271,8121,7515,6868,6568,6214,5831,5572,5186,4904,4573,4338,4095,3508,3275,3156,3110,3044,2971,2904,2852,2811,2738,2585,2532,2483,2438,2366,2310,2218,2126,2089,2028,1966,1903,1790,1734,1702,1661,1626,1602,1571,1544,1490,1473,1414,1375,1346,1319,1286,1263,1224,1204,1171,1146,1096,1043,1009,953,906,856,812,766,717,640,601,550,496,452,373,344,279,259,226,202,182,170,152,143,131,122,105,103,75,57,57,51,49,43,43,32,26,26,26,24,15,15,3,3,,,,,,,,,,,,,,,,,,,,,,,,,,,,,,,,,,,,,,,,,,,,
Iraq,death,10465,10418,10366,10317,10254,10198,10142,10086,10021,9970,9912,9852,9790,9735,9683,9604,9531,9464,9399,9347,9298,9231,9181,9122,9052,8990,8935,8867,8799,8754,8682,8625,8555,8491,8408,8332,8248,8166,8086,8014,7941,7881,7814,7732,7657,7589,7512,7422,7359,7275,7201,7123,7042,6959,6891,6814,6740,6668,6596,6519,6428,6353,6283,6208,6121,6036,5954,5860,5785,5709,5641,5588,5531,5464,5392,5310,5236,5161,5094,5017,4934,4868,4805,4741,4671,4603,4535,4458,4362,4284,4212,4122,4042,3950,3869,3781,3691,3616,3522,3432,3345,3250,3150,3055,2960,2882,2779,2685,2567,2473,2368,2262,2160,2050,1943,1839,1756,1660,1559,1437,1330,1251,1167,1100,1013,925,856,773,712,652,607,549,496,457,426,392,370,346,318,285,271,256,235,215,205,195,185,179,175,169,163,160,152,147,140,134,131,127,123,121,117,115,115,112,110,109,107,104,102,102,102,98,97,95,94,93,92,90,88,87,86,86,83,83,83,82,82,82,81,80,79,78,78,76,72,70,69,69,65,64,61,56,54,54,52,50,46,42,42,40,36,29,27,23,20,17,17,13,12,11,10,10,10,9,8,7,7,6,6,4,3,2,2,,,,,,,,,,,,,,,,,,,,,,,,,,,,,,,,,,,,,,,
Jordan,confirm,46441,43620,40972,38937,37573,36053,34548,33009,30550,28127,26073,24926,23998,22763,21517,20200,19001,17464,15640,14749,13650,13101,11825,10049,9226,8492,8061,7211,6591,6042,5679,5045,4779,4540,4344,4131,3852,3677,3528,3314,3062,2945,2739,2659,2581,2478,2411,2353,2301,2233,2161,2097,2034,1966,1893,1869,1801,1756,1716,1639,1609,1576,1532,1498,1482,1438,1398,1378,1339,1329,1320,1303,1283,1268,1252,1246,1237,1232,1231,1224,1218,1213,1208,1193,1191,1187,1182,1176,1168,1154,1146,1131,1120,1113,1223,1218,1214,1209,1206,1201,1198,1183,1179,1176,1173,1169,1169,1169,1167,1164,1150,1147,1136,1133,1132,1128,1121,1111,1104,1086,1071,1047,1042,1033,1015,1008,1001,987,981,979,961,953,915,890,863,845,831,808,795,784,765,757,755,746,739,734,730,728,720,718,711,708,704,700,684,672,649,629,613,607,596,586,582,576,562,540,522,508,494,473,471,465,461,460,459,453,451,449,449,447,444,441,437,435,428,425,417,413,407,402,401,397,391,389,381,372,372,358,353,349,345,323,310,299,278,274,268,259,246,235,212,172,154,127,112,85,85,69,52,34,17,8,1,1,1,1,1,1,1,1,1,1,1,1,,,,,,,,,,,,,,,,,,,,,,,,,,,,,,,,,,,,,,
Jordan,recovered,7340,7223,7123,7006,6912,6773,6692,6565,6466,6361,6219,6101,6045,5906,5777,5575,5386,5292,5240,5101,4929,4752,4626,4496,4359,4222,4131,4035,3937,3812,3707,3527,2844,2672,2511,2415,2349,2311,2255,2206,2156,2084,1981,1919,1885,1817,1756,1700,1676,1648,1610,1564,1508,1468,1447,1367,1364,1355,1344,1335,1320,1268,1262,1261,1259,1243,1241,1236,1229,1229,1222,1215,1189,1187,1187,1178,1178,1171,1160,1155,1131,1099,1094,1084,1072,1049,1042,1041,1041,1036,1035,1035,1035,1034,1028,1024,1022,1021,1019,1016,1013,1008,997,991,986,982,977,969,957,942,902,897,889,886,882,867,860,841,830,797,782,772,751,739,722,708,697,693,693,692,682,678,671,670,663,657,627,607,586,571,566,561,549,535,522,507,507,497,586,586,479,471,470,461,457,446,417,413,408,404,401,393,392,390,390,389,387,385,381,377,375,370,367,367,364,362,356,348,342,337,332,326,318,315,297,282,276,269,265,259,250,235,215,201,177,170,161,150,138,126,110,74,58,45,36,30,26,18,18,18,1,1,1,1,1,1,1,1,1,1,1,1,1,1,,,,,,,,,,,,,,,,,,,,,,,,,,,,,,,,,,,,,,,,,,,,,,,,
Jordan,death,481,443,414,380,345,330,310,282,257,225,207,191,181,166,144,131,122,110,101,88,79,69,61,57,51,45,43,39,36,35,33,32,30,30,29,26,26,26,26,24,22,21,20,19,19,17,16,16,16,15,15,15,15,15,15,15,15,15,14,14,12,11,11,11,11,11,11,11,11,11,11,11,11,11,11,11,11,11,11,11,11,11,11,11,11,11,11,11,11,11,11,11,11,11,11,11,11,10,10,10,10,10,10,10,10,10,10,10,10,10,10,10,9,9,9,9,9,9,9,9,9,9,9,9,9,9,9,9,9,9,9,9,9,9,9,9,9,9,9,9,9,9,9,9,9,9,9,9,9,9,9,9,9,9,9,9,9,9,9,9,9,9,9,9,9,9,9,9,9,9,9,9,9,9,8,8,8,8,7,7,7,7,7,7,7,7,7,7,7,7,7,7,7,7,7,7,7,6,6,6,5,5,5,5,5,5,5,3,1,1,,,,,,,,,,,,,,,,,,,,,,,,,,,,,,,,,,,,,,,,,,,,,,,,,,,,,,,,,,,,,,
Kuwait,confirm,119420,118531,117718,116832,116146,115483,114744,114015,113269,112737,111893,111116,110568,110076,109441,108743,108268,107592,107025,106458,106087,105676,105182,104568,103981,103544,103199,102441,101851,101299,100683,99964,99434,99049,98528,97824,96999,96301,95472,94764,94211,93475,92822,92082,91244,90387,89582,88963,88243,87378,86478,85811,85109,84636,84224,83578,82945,82271,81573,80960,80528,79957,79269,78767,78145,77470,76827,76205,75697,75185,74486,73785,73068,72400,71713,71199,70727,70045,69425,68774,68299,67911,67448,66957,66529,65903,65149,64379,63773,63309,62625,61872,61185,60434,59763,59204,58904,58221,57668,56877,56174,55508,54894,54058,53580,52840,52007,51245,50644,49941,49303,48672,47859,46940,46195,45524,44942,44391,43703,42788,41879,41033,40291,39650,39145,38678,38074,37533,36958,36431,35920,35466,34952,34432,33823,33140,32510,31848,31131,30644,29921,29359,28649,27762,27043,26192,25184,24112,23267,22575,21967,21302,20464,19564,18609,17568,16764,15691,14850,13802,12860,11975,11028,10277,9286,8688,7623,7208,6567,6289,5804,5278,4983,4619,4377,4024,3740,3440,3288,3075,2892,2614,2399,2248,2080,1995,1915,1751,1658,1524,1405,1355,1300,1234,1154,993,910,855,743,665,556,479,417,342,317,289,266,255,235,225,208,195,191,189,188,176,159,148,142,130,123,112,104,80,80,72,69,64,64,61,58,58,56,56,56,45,45,45,43,26,11,1,,,,,,,,,,,,,,,,,,,,,,,,,,,,,,
Kuwait,recovered,110714,109916,109198,108606,107860,107108,106495,105846,105236,104508,103802,103268,102722,102024,101314,100776,100179,99549,99040,98435,97898,97197,96688,96049,95511,94929,94211,93562,92961,92341,91612,90930,90168,89498,88776,87911,87187,86219,85501,84995,84404,83660,83040,82222,81654,81037,80521,79903,79417,78791,78209,77657,77224,76650,75993,75320,74522,73906,73402,72925,72307,71770,71264,70642,69771,69243,68633,68135,67519,66740,66099,65451,64759,64028,63519,62806,62330,61610,60906,60326,59739,59213,58525,57932,57330,56467,55681,55057,54373,53607,52915,52247,51520,50919,50339,49687,49020,48381,47545,46897,46161,45356,44610,43961,43214,42686,42108,41515,41001,40463,39943,39276,38390,37715,37030,36313,35494,34586,33969,33367,32809,32304,31770,31240,30726,30190,29512,28896,28206,27531,26759,25882,25048,24137,23288,22162,21242,20205,19282,18277,17223,15750,14281,12899,11386,10156,9273,8698,7946,7306,6621,6117,5747,5515,5205,4885,4681,4339,4093,3843,3640,3451,3263,3101,2907,2729,2622,2466,2381,2219,2032,1947,1776,1703,1602,1539,1389,1176,1012,806,656,613,498,443,412,367,305,280,258,225,206,176,150,142,133,123,111,111,105,103,99,93,82,81,80,73,72,67,64,57,49,43,39,27,27,27,18,18,15,9,9,5,5,5,5,2,1,1,1,,,,,,,,,,,,,,,,,,,,,,,,,,,,,,,,,,,,,,,,,,,
Kuwait,death,730,721,714,710,701,694,690,684,676,672,664,658,655,649,642,639,632,628,624,620,615,612,610,607,605,601,597,595,592,590,588,585,584,581,580,575,571,568,563,560,558,557,556,552,548,546,544,540,537,536,535,534,531,530,528,525,522,521,519,518,515,513,511,509,507,505,502,501,498,494,489,489,486,482,478,474,471,469,468,465,461,457,453,447,445,444,442,438,433,429,425,421,417,412,408,408,407,404,402,399,396,393,390,386,383,382,379,377,373,368,365,360,359,358,354,350,348,344,341,339,337,334,330,326,319,313,308,306,303,298,296,289,285,279,275,273,269,264,254,244,236,230,226,220,212,205,194,185,175,172,165,156,148,138,129,124,121,118,112,107,96,88,82,75,65,58,49,47,44,42,40,40,38,33,30,26,24,23,22,20,19,15,14,13,11,9,7,6,5,3,3,3,2,1,1,1,1,1,1,1,1,1,,,,,,,,,,,,,,,,,,,,,,,,,,,,,,,,,,,,,,,,,,,,,,,,,,,,,,,,,,,,,,,,,,,,,,
Lebanon,confirm,67027,65577,64336,62944,62286,61284,60113,58745,57246,55869,54624,53568,52558,51170,49744,48377,46918,45657,44482,43494,42173,40882,39634,38377,37272,36254,35242,33962,32819,31792,30852,29987,29303,28297,27518,26768,26083,25449,25401,24310,23669,22983,22437,21877,21324,20826,20426,20011,19490,18963,18375,17777,17308,16870,16275,15613,14937,14248,13687,13155,12698,12191,11580,10952,10347,9758,9337,8881,8442,8045,7711,7413,7121,6812,6517,6223,5951,5672,5417,5062,5062,4885,4730,4555,4334,4205,4023,3882,3750,3582,3407,3260,3104,2980,2905,2859,2775,2700,2599,2542,2451,2419,2334,2168,2082,2011,1946,1907,1885,1873,1855,1830,1796,1788,1778,1745,1740,1719,1697,1662,1644,1622,1603,1587,1536,1510,1495,1489,1473,1464,1446,1442,1422,1402,1388,1368,1350,1331,1320,1312,1306,1256,1242,1233,1220,1191,1172,1168,1161,1140,1119,1114,1097,1086,1024,961,954,931,911,902,891,886,878,870,859,845,809,796,784,750,741,740,737,733,729,725,721,717,710,707,704,696,688,682,677,677,673,672,668,663,658,641,632,630,619,609,582,576,548,541,527,520,508,494,479,470,446,438,412,391,368,333,318,267,248,187,163,157,133,120,110,110,93,77,61,61,41,32,32,22,22,16,13,13,13,10,4,2,2,2,1,1,1,1,1,,,,,,,,,,,,,,,,,,,,,,,,,,,
Lebanon,recovered,31409,30470,29498,28855,28062,27197,26468,25994,25164,24581,23941,23501,22719,22407,21760,21120,20490,20243,19782,19259,18739,18103,17565,17110,16676,16089,15434,14778,14112,13527,12878,12507,12047,11440,10739,10217,9634,9216,8765,8334,7936,7312,7312,7024,6722,6430,6139,5868,5592,5338,5195,4988,4811,4693,4484,4260,4133,3955,3723,3704,3625,3346,3204,3040,2928,2852,2809,2724,2650,2551,2496,2407,2377,2290,2127,2043,2042,1974,1880,1837,1837,1795,1761,1761,1753,1753,1710,1709,1692,1671,1666,1619,1607,1577,1562,1515,1485,1485,1485,1455,1452,1423,1420,1402,1402,1368,1368,1348,1311,1311,1304,1292,1242,1223,1183,1170,1153,1153,1144,1144,1103,1098,1077,1068,1006,960,944,907,889,875,868,868,853,845,832,795,779,768,768,768,731,724,719,715,712,708,705,699,692,689,688,688,667,663,663,251,251,251,247,247,246,236,236,234,234,234,234,223,220,206,206,200,200,197,192,150,150,145,145,145,143,140,140,113,108,103,102,99,86,86,85,80,80,80,77,76,67,62,62,60,54,54,50,46,43,37,35,30,30,27,23,20,8,8,8,4,4,4,3,3,1,1,1,1,1,1,1,1,1,1,1,1,1,,,,,,,,,,,,,,,,,,,,,,,,,,,,,,,,,,,,,,,
Lebanon,death,552,536,531,526,520,517,509,501,499,479,466,459,455,450,439,433,424,414,406,398,386,374,367,361,351,347,340,333,329,328,315,307,297,286,281,263,259,252,246,241,239,229,219,212,207,200,191,187,183,179,177,171,167,160,155,148,146,139,138,126,123,121,116,113,109,107,105,103,97,94,92,89,87,80,78,78,70,70,68,65,65,62,61,61,57,55,54,51,51,47,46,43,43,41,41,40,40,40,40,38,37,36,36,36,36,36,36,36,36,36,35,35,35,34,34,34,34,33,33,33,33,32,32,32,32,32,32,32,32,32,32,32,31,31,30,30,30,30,29,28,28,27,27,27,27,26,26,26,26,26,26,26,26,26,26,26,26,26,26,26,26,26,26,26,26,26,26,26,25,25,25,25,25,25,24,24,24,24,24,24,24,22,22,22,21,21,21,21,21,21,21,21,20,20,20,20,19,19,19,19,18,17,17,16,14,12,11,10,8,8,6,6,4,4,4,4,4,4,3,3,3,3,3,3,3,3,1,,,,,,,,,,,,,,,,,,,,,,,,,,,,,,,,,,,,,,,,,,,,,
Libya,confirm,52620,51625,50906,49949,48790,47845,47845,46676,45821,44985,43821,42712,41686,41368,40292,39513,38468,37437,36809,36087,35717,35208,34525,34014,33213,32364,31828,31290,30632,30097,29446,28796,27949,27234,26438,25822,24936,24144,23515,22781,22348,21908,20939,20462,19583,18834,17749,17094,16445,15773,15156,14624,13966,13423,12958,12629,12274,11834,11281,11009,10437,10437,10121,9707,9463,9068,8579,8172,7738,7327,7050,6611,6302,5929,5451,5232,5079,4879,4475,4224,4063,3837,3691,3621,3438,3222,3017,2827,2669,2547,2424,2314,2176,2088,1980,1866,1791,1704,1652,1589,1563,1512,1433,1389,1342,1342,1268,1182,1117,1046,989,918,891,874,824,802,762,727,713,698,670,639,595,571,544,520,510,500,484,467,454,418,409,393,378,359,332,256,256,239,209,196,182,168,156,130,118,105,99,77,75,75,75,72,71,69,68,65,65,65,64,64,64,64,64,64,64,64,64,64,63,63,63,63,63,61,61,61,61,61,61,61,60,59,51,51,51,49,49,49,48,35,26,25,24,24,24,21,20,19,18,18,11,11,10,10,8,8,3,1,1,1,1,,,,,,,,,,,,,,,,,,,,,,,,,,,,,,,,,,,,,,,,,,,,,,,,,,,,,,,,,,,
Libya,recovered,29057,28440,27832,27262,26889,26062,26062,25685,25301,25007,24466,24038,23791,23453,23130,22831,22410,22076,21429,20889,20334,19894,19361,18902,18518,18128,17832,17508,16842,16430,15913,15384,15068,14679,14207,13908,13498,13252,12762,12183,12100,2506,2420,2329,2247,2126,2081,2025,1910,1856,1746,1676,1459,1410,1333,1310,1209,1152,1112,1096,1085,1085,1053,1047,1018,1003,969,933,894,848,816,778,740,724,701,691,660,652,640,633,625,623,619,618,604,596,579,577,553,510,504,501,489,479,441,418,385,380,379,373,370,367,341,340,307,307,306,295,269,261,258,230,224,223,209,206,196,171,142,140,138,132,116,103,98,83,81,78,76,70,63,62,59,59,59,58,57,52,52,52,52,52,52,52,52,50,41,41,40,40,40,39,39,38,35,35,35,35,35,28,28,28,28,28,28,24,24,24,24,24,23,23,22,22,18,18,18,18,18,18,18,18,15,15,15,15,11,11,11,11,9,9,9,9,8,8,8,8,1,1,,,,,,1,,,,,,,,,,,,,,,,,,,,,,,,,,,,,,,,,,,,,,,,,,,,,,,,,,,,,,,,,,,,,,,,,,
Libya,death,768,765,746,732,725,699,699,681,669,656,644,631,623,621,616,608,602,596,592,578,570,559,551,540,527,520,499,491,474,469,460,450,444,436,418,409,394,383,368,362,354,352,339,324,314,296,285,272,262,254,250,242,237,232,231,226,219,210,203,199,188,188,180,173,169,164,157,153,145,139,135,132,132,125,119,113,108,107,99,96,93,83,80,74,73,76,67,64,60,58,57,56,53,50,49,48,48,47,46,43,42,40,39,38,38,38,36,35,34,32,27,27,26,25,24,23,21,18,18,18,18,17,10,10,10,10,10,10,10,10,10,8,6,5,5,5,5,5,5,5,5,5,5,5,5,5,5,5,4,3,3,3,3,3,3,3,3,3,3,3,3,3,3,3,3,3,3,3,3,3,3,3,3,3,3,3,2,2,2,2,2,2,2,1,1,1,1,1,1,1,1,1,1,1,1,1,1,1,1,1,1,1,1,1,,,,,,,,,,,,,,,,,,,,,,,,,,,,,,,,,,,,,,,,,,,,,,,,,,,,,,,,,,,,,,,,,,,,
Mauritania,confirm,7650,7638,7634,7621,7608,7607,7603,7585,7572,7565,7554,7550,7550,7548,7540,7535,7529,7523,7520,7517,7511,7505,7502,7488,7474,7464,7462,7457,7433,7425,7403,7384,7368,7365,7361,7346,7332,7319,7295,7276,7274,7266,7222,7191,7165,7165,7142,7134,7126,7106,7089,7075,7048,7016,7012,7012,6993,6977,6960,6928,6905,6894,6885,6848,6829,6789,6762,6701,6693,6676,6653,6622,6598,6555,6523,6510,6498,6444,6444,6418,6382,6323,6319,6310,6295,6273,6249,6208,6171,6151,6116,6067,6027,5985,5923,5873,5813,5710,5659,5564,5518,5446,5355,5275,5203,5126,5087,5024,4948,4879,4827,4705,4606,4472,4363,4237,4149,4025,3907,3739,3519,3292,3121,2984,2813,2621,2424,2223,2057,1887,1783,1682,1572,1439,1283,1162,1104,1049,947,883,784,745,668,588,530,483,423,346,292,268,262,237,227,200,173,141,131,81,62,40,29,20,15,9,8,8,8,8,8,8,8,8,8,8,8,8,8,7,7,7,7,7,7,7,7,7,7,7,7,7,7,7,7,7,7,7,7,6,6,6,6,6,6,6,6,6,5,5,5,3,3,2,2,2,2,2,2,2,1,1,1,1,1,,,,,,,,,,,,,,,,,,,,,,,,,,,,,,,,,,,,,,,,,,,,,,,,,
Mauritania,recovered,7369,7363,7359,7355,7347,7342,7339,7326,7314,7301,7297,7274,7266,7245,7227,7212,7208,7204,7188,7174,7163,7138,7120,7111,7091,7070,7070,7070,7052,7028,7011,6977,6951,6927,6882,6865,6844,6839,6835,6825,6804,6786,6758,6701,6681,6681,6669,6658,6623,6588,6548,6464,6464,6430,6407,6407,6381,6356,6321,6282,6232,6203,6186,6123,6094,6051,6018,5985,5928,5889,5843,5741,5704,5570,5527,5527,5443,5291,5291,5209,5174,5115,5043,4962,4889,4776,4683,4653,4430,4299,4206,4086,3977,3826,3632,3436,3279,3153,2993,2830,2664,2501,2363,2160,2111,2026,1994,1944,1896,1844,1805,1765,1727,1677,1622,1497,1419,1344,1280,1225,1074,963,905,811,696,653,550,427,373,360,332,311,278,250,142,139,119,108,104,69,65,57,55,27,27,21,21,15,15,15,15,15,7,7,7,7,7,7,7,7,7,7,6,6,6,6,6,6,6,6,6,6,6,6,6,6,6,6,6,6,6,6,6,6,6,6,6,2,2,2,2,2,2,2,2,2,2,2,2,2,2,2,2,2,2,2,2,2,,,,,,,,,,,,,,,,,,,,,,,,,,,,,,,,,,,,,,,,,,,,,,,,,,,,,,,,,,,,,,,,
Mauritania,death,163,163,163,163,163,163,163,163,163,163,163,163,163,163,162,162,162,162,162,162,162,161,161,161,161,161,161,161,161,161,161,161,161,161,161,161,161,161,161,161,161,161,161,161,160,160,160,160,160,160,160,159,159,159,158,158,158,158,158,158,158,158,158,158,158,157,157,157,157,157,157,157,157,157,157,157,157,157,157,157,157,157,157,157,157,156,156,156,156,156,156,156,155,155,155,155,153,151,150,149,147,147,147,147,146,144,139,135,133,130,129,129,129,129,129,128,126,121,120,119,116,114,112,111,108,102,97,95,93,91,87,83,81,74,71,61,59,55,49,43,39,34,31,23,23,20,20,19,16,13,9,6,6,6,5,4,4,4,4,4,3,2,2,1,1,1,1,1,1,1,1,1,1,1,1,1,1,1,1,1,1,1,1,1,1,1,1,1,1,1,1,1,1,1,1,1,1,1,1,1,1,1,1,1,1,1,1,,,,,,,,,,,,,,,,,,,,,,,,,,,,,,,,,,,,,,,,,,,,,,,,,,,,,,,,,,,,,,,,,
Morocco,confirm,186731,182580,179003,175749,173632,170911,167148,163650,160333,156946,153761,152404,149841,146398,142953,140024,137248,134695,133272,131228,128565,126044,123653,121183,119107,117685,115241,112522,110099,107743,105346,103119,101743,99816,97264,94504,92016,90324,88203,86686,84435,82197,79767,77878,75721,73780,72394,70160,68605,66855,65453,63781,62590,61399,60056,58489,57085,55864,54528,53252,52349,50812,49247,47638,46313,44803,43558,42489,41017,39241,37935,36694,35195,34063,33237,32007,30662,29644,28500,27217,26196,25537,25015,24322,23259,22213,21387,20887,20278,19645,18834,18264,17962,17742,17562,17236,17015,16726,16545,16262,16097,15936,15745,15542,15328,15079,14771,14607,14379,14215,13822,13288,12969,12636,12533,12290,12052,11877,11633,11338,10907,10344,10172,9977,9839,9613,9074,8997,8931,8885,8793,8692,8610,8537,8508,8437,8302,8224,8151,8071,8003,7922,7866,7833,7807,7780,7714,7643,7601,7577,7532,7433,7406,7332,7211,7133,7023,6952,6870,6741,6652,6607,6512,6418,6281,6063,5910,5711,5548,5408,5219,5053,4903,4729,4569,4423,4321,4252,4120,4065,3897,3758,3568,3446,3209,3046,2855,2685,2564,2283,2024,1888,1763,1661,1545,1448,1374,1275,1184,1120,1021,919,791,708,654,617,556,479,402,345,275,225,170,143,115,96,77,63,49,38,29,28,17,7,6,5,3,2,2,2,2,2,1,1,1,,,,,,,,,,,,,,,,,,,,,,,,,,,,,,,,,,,,,
Morocco,recovered,154481,151634,148838,146421,143972,141381,138989,136036,133959,131462,129498,127407,124854,123022,120275,118142,115354,113336,111036,108687,106044,104136,102715,100253,97468,95591,94150,91932,90186,88244,85883,84158,80732,79008,76690,74930,72968,71047,68970,67528,65867,64194,61850,59723,57239,56096,55274,53929,52483,51223,50357,48922,47595,46355,44618,43049,41901,40586,38293,37478,36343,35040,34199,32806,31576,31002,29941,29344,28566,27644,26687,25677,25385,24524,23347,22190,21548,20553,19994,19629,18968,18435,17960,17658,17311,17125,17066,16553,16438,16282,16100,15872,15636,15389,15132,14921,14620,14360,13965,13821,13442,12934,12283,12065,11827,11447,11316,10639,10173,9725,9329,9160,9090,9026,8920,8833,8740,8723,8656,8500,8468,8407,8366,8284,8223,8117,8041,7993,7937,7828,7765,7696,7618,7583,7565,7493,7408,7364,7315,7268,7195,6866,6410,5893,5459,5401,5271,5195,4978,4881,4774,4703,4638,4377,4280,4098,3901,3758,3660,3487,3400,3310,3131,2991,2811,2554,2461,2324,2179,2017,1838,1653,1438,1256,1083,984,928,778,695,593,537,486,456,417,393,350,327,314,281,249,229,217,203,177,146,122,109,97,93,81,76,66,57,31,29,24,15,13,11,11,8,7,6,3,3,3,1,1,1,1,1,1,1,1,,,,,,,,,,,,,,,,,,,,,,,,,,,,,,,,,,,,,,,,,,,,,,,,
Morocco,death,3132,3079,3027,2976,2928,2878,2818,2772,2726,2685,2636,2605,2572,2530,2486,2439,2410,2369,2330,2293,2263,2229,2194,2152,2113,2069,2041,1998,1956,1918,1889,1855,1830,1795,1755,1714,1686,1648,1614,1578,1553,1524,1491,1453,1427,1394,1361,1329,1292,1253,1216,1184,1141,1111,1078,1052,1011,984,955,920,888,858,817,775,743,714,681,658,632,611,584,556,533,516,498,480,461,449,435,417,401,382,367,353,346,334,327,316,313,305,299,292,285,280,276,273,269,264,263,259,257,255,250,245,243,242,242,240,237,235,232,230,229,228,228,225,221,220,218,217,216,214,214,214,213,213,213,213,212,212,212,212,212,211,211,210,208,208,208,208,208,206,206,205,205,204,202,202,202,202,200,199,198,197,196,194,193,192,192,192,190,190,188,188,188,188,186,186,183,183,181,179,174,173,171,170,168,165,162,161,159,158,155,149,145,143,141,137,135,130,127,126,126,118,111,107,97,93,90,80,70,59,48,44,39,36,33,26,25,23,11,6,5,4,4,3,3,2,2,2,1,1,1,1,1,1,1,,,,,,,,,,,,,,,,,,,,,,,,,,,,,,,,,,,,,,,,,,,,,
Oman,confirm,111837,111484,111033,110594,109953,108296,108296,108296,107776,107213,106575,105890,104129,104129,104129,103465,102648,101814,101270,98585,98585,98585,98585,98585,98057,97450,95907,95907,95907,95339,94711,94051,93475,91753,91753,91753,91196,90660,90222,89746,88337,88337,88337,87939,87590,87328,87072,86380,86380,86380,85928,85928,85722,85544,85005,85005,85005,84818,84652,84509,83769,83769,83769,83769,83606,83418,83226,83086,82924,82743,82531,82299,82050,81787,81580,81357,81067,80713,80286,79159,79159,79159,79159,79159,79159,78569,77904,77058,76005,74858,73791,72646,71547,69887,68400,66661,65504,64193,62574,61247,59568,58179,56015,54697,53614,51725,50207,48997,47735,46178,45106,43929,42555,41194,40070,39060,38150,36953,36034,34902,33536,32394,31076,29471,28566,27670,26818,26079,25269,24524,23481,22077,21071,19954,18887,18198,17486,16882,16016,15086,14316,13537,12799,12223,11437,10423,9820,9009,8373,8118,7770,7770,7257,6794,6370,6043,5671,5379,5186,5029,4625,4341,4019,3721,3573,3399,3224,3112,2958,2903,2735,2637,2568,2483,2447,2348,2274,2131,2049,1998,1905,1790,1716,1614,1508,1410,1266,1180,1069,1019,910,813,727,599,546,484,457,419,371,331,298,277,252,231,210,192,179,167,152,131,109,99,84,66,55,52,48,48,39,24,22,22,19,19,18,18,18,16,16,16,16,16,15,12,6,6,6,4,4,4,2,2,,,,,,,,,,,,,,,,,,,,,,,,,,,,,,
Oman,recovered,97949,97367,96949,96400,95624,94229,94229,94229,93908,93557,93222,92840,91731,91731,91731,91329,91275,90600,90296,88528,88528,88528,88528,88528,88234,87801,86765,86765,86765,86482,86195,85781,85418,84648,84648,84648,84363,84113,83928,83771,83325,83325,83325,83115,82973,82805,82406,81828,81828,81828,81024,81024,80810,80459,79608,79608,79608,79409,79147,78912,78386,78386,78386,78386,78188,77977,77812,77680,77550,77427,77278,77072,76720,76124,74691,73481,72263,70910,69803,61421,61421,61421,61421,61421,61421,60240,58587,57028,55299,54061,53007,51349,47922,46608,45150,44004,42772,41450,40090,39038,37987,37257,36098,35255,34225,33021,32005,31000,29146,27917,26968,26169,25318,24162,23425,22422,21200,20363,19482,18520,17972,17279,16408,15552,14780,13974,13264,11797,11089,9533,8454,7530,7489,6623,5640,4152,3793,3451,3451,3451,3451,2845,2812,2682,2682,2396,2396,2177,2177,2067,1933,1933,1848,1821,1821,1661,1574,1496,1465,1436,1350,1303,1289,1250,1250,1117,1068,1025,980,888,858,816,750,750,495,495,364,364,364,333,329,325,307,238,238,238,233,176,176,176,131,130,124,109,109,109,109,72,67,61,61,61,57,57,34,34,29,23,23,23,23,17,17,17,17,12,12,12,12,9,9,9,9,9,9,9,9,2,2,2,2,2,2,2,1,1,1,,,,,,,,,,,,,,,,,,,,,,,,,,,,,,,,,,,
Oman,death,1147,1137,1122,1114,1101,1071,1071,1071,1061,1053,1046,1038,1009,1009,1009,1000,990,985,977,935,935,935,935,935,924,909,885,885,885,875,865,853,846,818,818,818,805,797,790,780,762,762,762,751,742,734,728,705,705,705,689,689,685,677,650,650,650,646,642,637,609,609,609,609,603,597,588,572,562,557,551,539,533,521,513,509,502,492,488,421,421,421,421,421,421,412,402,393,384,371,359,355,349,337,326,318,308,298,290,281,273,259,257,248,244,236,233,224,218,213,203,193,188,185,176,169,163,159,153,144,142,140,137,131,128,125,119,116,114,108,104,99,96,89,84,83,81,75,72,72,67,67,59,50,49,42,40,40,39,37,37,37,36,34,31,30,27,25,22,21,20,18,17,17,17,17,17,16,15,13,13,12,12,12,11,11,10,10,10,10,10,10,9,8,8,7,7,6,6,4,4,4,4,4,3,3,3,2,2,2,2,2,1,1,1,1,,,,,,,,,,,,,,,,,,,,,,,,,,,,,,,,,,,,,,,,,,,,,,,,,,,,,,,,,,,,,,,,,,
Palestine,confirm,49134,48628,48129,47616,47135,46746,46434,46100,45658,45200,44684,44299,43945,43664,43256,42840,42432,41957,41498,41078,40766,40322,39899,39541,39121,38703,38253,37963,37591,37083,36580,36151,35686,35003,34401,33843,33006,32250,31362,30574,29906,29256,28664,27919,27363,26779,26127,25575,25142,24471,23875,23281,22729,22204,21668,21251,20677,20155,19678,19213,18802,18476,18313,17989,17606,17306,16844,16534,16153,15834,15491,15184,14875,14510,14208,13928,13722,13398,13065,12770,12541,12297,12160,11837,11548,11284,10938,10621,10469,10306,10093,9744,9398,9228,8916,8549,8204,7764,7412,7064,6764,6566,6230,5931,5551,5220,5029,4647,4341,4277,3835,3334,3080,2758,2428,2185,1990,1815,1557,1382,1328,1169,1001,833,784,675,600,555,514,505,492,489,489,487,485,481,473,472,464,464,464,457,451,449,448,447,446,446,434,429,423,423,423,423,423,398,391,388,381,376,375,375,375,375,375,375,375,375,375,374,371,362,353,353,353,344,344,343,342,342,342,340,336,335,329,329,319,313,307,294,291,284,273,271,268,267,263,263,261,254,237,217,194,161,134,119,116,109,98,91,84,59,59,59,52,48,47,44,41,39,38,38,35,31,30,30,26,19,16,16,7,4,,,,,,,,,,,,,,,,,,,,,,,,,,,,,,,,,,,,,,,,
Palestine,recovered,42544,41935,41455,40861,40498,40162,39921,39585,39304,38841,38228,37942,37240,36922,36584,35953,35599,35182,34698,33442,32944,32577,31743,31047,30220,29068,27704,27183,26934,26288,25469,24428,23700,23446,23333,23060,22209,21804,21406,20082,19979,19788,18821,18466,17779,17270,16843,16661,16437,16095,15483,15338,15056,14787,14631,14291,14194,13929,13162,11870,11843,11103,11102,10682,10312,9939,9906,9838,9388,9382,9186,8369,8181,8045,7945,7706,7210,6907,6618,6419,5390,5390,5324,5077,5016,4833,3752,3752,3752,3282,2720,2720,1950,1932,1921,1921,1596,1492,1313,1084,1084,1084,942,536,536,525,494,494,491,491,463,463,460,460,451,447,447,446,446,446,442,442,442,439,437,437,415,415,415,415,415,415,414,410,410,404,404,403,400,377,377,372,372,372,372,368,368,368,365,365,357,357,348,346,346,346,346,337,335,329,315,310,310,308,301,263,228,228,176,174,127,102,77,76,76,76,71,71,83,83,83,81,74,71,71,71,71,69,69,63,63,62,58,58,57,45,44,44,42,24,25,21,21,18,18,18,18,18,18,17,17,17,17,17,17,17,17,,,,,,,,,,,,,,,,,,,,,,,,,,,,,,,,,,,,,,,,,,,,,,,,,,,,,,,
Palestine,death,435,427,421,413,408,402,402,401,393,391,387,381,378,367,359,355,349,339,330,329,321,318,311,306,299,291,285,278,274,272,269,265,262,253,250,244,243,229,226,221,210,204,198,192,190,184,181,177,170,167,162,159,152,152,147,145,141,137,133,133,128,125,122,120,119,113,113,110,108,106,106,105,104,100,97,96,94,92,89,86,84,84,83,82,81,80,79,78,76,75,70,67,66,64,63,62,59,53,51,44,44,39,36,33,27,24,20,18,17,16,13,11,9,8,8,5,4,4,3,3,3,3,3,3,3,3,3,3,3,3,3,3,3,3,3,3,3,3,3,3,3,3,3,3,3,3,3,3,3,3,3,3,3,2,2,2,2,2,2,2,2,2,2,2,2,2,2,2,2,2,2,2,2,2,2,2,2,2,2,2,2,2,2,2,2,2,2,2,2,2,2,2,2,2,2,2,1,1,1,1,1,1,1,1,1,1,1,1,1,1,1,,,,,,,,,,,,,,,,,,,,,,,,,,,,,,,,,,,,,,,,,,,,,,,,,,,,,,,,,,,,,
Qatar,confirm,130462,130210,129944,129671,129431,129227,128992,128803,128603,128405,128191,127985,127778,127600,127394,127181,126943,126692,126498,126339,126164,125959,125760,125533,125311,125084,124850,124650,124425,124175,123917,123604,123376,123146,122917,122693,122449,122214,121975,121740,121523,121287,121052,120846,120579,120348,120095,119864,119637,119420,119206,118994,118778,118575,118407,118196,117988,117742,117498,117266,117008,116765,116481,116224,115956,115661,115368,115080,114809,114532,114281,113938,113646,113262,112947,112650,112383,112092,111805,111538,111322,111107,110911,110695,110460,110153,109880,109597,109305,109036,108638,108244,107871,107430,107037,106648,106308,105898,105477,104983,104533,104016,103598,103128,102630,102110,101553,100945,100345,99799,99183,98653,97897,97003,96088,95106,94413,93663,92784,91838,90778,89579,88403,87369,86488,85462,84441,83174,82077,80876,79602,78416,76588,75071,73595,71879,70158,68790,67195,65495,63741,62160,60259,58433,56910,55262,52907,50914,48947,47207,45465,43714,42213,40481,38651,37097,35606,33969,32604,30972,29425,28272,26539,25149,23623,22520,21331,20201,18890,17972,17142,16191,15551,14872,14096,13409,12564,11921,11244,10287,9358,8525,7764,7141,6533,6015,5448,5008,4663,4103,3711,3428,3231,2979,2728,2512,2376,2210,2057,1832,1604,1325,1075,949,835,781,693,634,590,562,549,537,526,501,494,481,470,460,452,439,439,401,337,320,262,262,24,18,15,8,8,8,8,7,3,3,1,,,,,,,,,,,,,,,,,,,,,,,,,,,,,,,,,,,
Qatar,recovered,127328,127093,126866,126650,126406,126218,126006,125802,125584,125373,125176,124978,124767,124559,124327,124108,123893,123664,123475,123302,123108,122911,122699,122448,122209,121995,121738,121512,121263,121006,120766,120540,120303,120089,119822,119613,119400,119144,118931,118682,118475,118199,117978,117746,117497,117241,116998,116780,116538,116313,116111,115895,115667,115430,115251,115017,114797,114558,114318,114099,113808,113531,113216,112924,112658,112355,112088,111794,111505,111258,110957,110627,110324,109993,109709,109438,109142,108831,108539,108254,108002,107779,107578,107377,107135,106849,106603,106328,106024,105750,105420,105018,104641,104191,103782,103377,103023,102597,102168,101637,101160,100627,99743,98934,98233,97272,96107,94903,93898,92284,90387,88583,86597,83965,81564,80170,78702,77225,76072,74544,73083,71501,69956,68319,66763,65409,63642,62172,60461,58681,56898,55252,53296,51331,49413,47569,45935,44338,42527,40935,39468,37542,36036,33437,30290,25839,20604,15399,13283,11844,10363,9170,8513,7893,7288,6600,5634,4899,4370,3788,3546,3356,3143,3019,2840,2753,2449,2370,2286,2070,1924,1810,1664,1534,1436,1372,1243,1134,1066,1012,929,809,750,689,614,555,518,510,464,415,406,373,334,275,247,227,206,178,150,131,123,109,93,72,71,62,51,48,45,43,43,41,41,33,33,27,10,4,4,4,4,4,4,,,,,,,,,,,,,,,,,,,,,,,,,,,,,,,,,,,,,,,,,,,,,,,,,
Qatar,death,228,225,224,224,224,223,222,222,220,220,220,220,219,219,218,218,216,216,216,216,215,214,214,214,214,214,214,212,212,212,211,211,210,209,209,208,208,208,207,205,205,205,205,205,205,205,203,202,201,201,199,198,197,197,196,196,195,194,194,194,193,193,193,193,193,193,193,193,192,190,190,190,188,188,184,182,180,178,178,177,177,177,174,174,171,169,167,165,165,164,164,164,163,160,159,157,154,153,152,151,150,149,147,146,146,142,138,134,133,128,123,121,118,115,113,113,110,110,109,106,104,99,99,98,94,93,86,82,80,76,73,70,70,69,66,62,57,54,51,49,45,45,43,40,38,36,36,33,30,28,26,23,21,19,17,16,15,15,15,15,14,14,14,14,14,14,13,12,12,12,12,12,12,12,12,10,10,10,10,10,10,10,10,10,9,9,8,8,7,7,7,7,7,7,6,6,6,6,6,4,4,3,3,3,2,2,1,1,1,,,,,,,,,,,,,,,,,,,,,,,,,,,,,,,,,,,,,,,,,,,,,,,,,,,,,,,,,,,,,,,
Saudi Arabia,confirm,343774,343373,342968,342583,342202,341854,341495,341062,340590,340089,339615,339267,338944,338539,338132,337711,337243,336766,336387,335997,335578,335097,334605,334187,333648,333193,332790,332329,331857,331359,330798,330246,329754,329271,328720,328144,327551,326930,326258,325651,325050,324407,323720,323012,322237,321456,320688,319932,319141,318319,317486,316670,315772,314821,313911,312924,311855,310836,309768,308654,307479,306370,305186,303973,302686,301323,299914,298542,297315,295902,294519,293037,291468,289947,288690,287262,285793,284226,282824,281456,280093,278835,277478,275905,274219,272590,270831,268934,266941,264973,262772,260394,258156,255825,253349,250920,248416,245851,243238,240474,237803,235111,232259,229480,226486,223327,220144,217108,213716,209509,205929,201801,197608,194225,190823,186436,182493,178504,174577,170639,167267,164144,161005,157612,154233,150292,145991,141234,136315,132048,127541,123308,119942,116021,112288,108571,105283,101914,98869,95748,93157,91182,89011,87142,85261,83384,81766,80185,78541,76726,74795,72560,70161,67719,65077,62545,59854,57345,54752,52016,49176,46869,44830,42925,41014,39048,37136,35432,33731,31938,30251,28656,27011,25459,24097,22753,21402,20077,18811,17522,16299,15102,13930,12772,11631,10484,9362,8274,7142,6380,5862,5369,4934,4462,4033,3651,3287,2932,2795,2605,2402,2179,2039,1885,1720,1563,1453,1299,1203,1104,1012,900,767,562,511,392,344,274,171,171,118,103,103,86,45,21,20,15,11,5,5,5,1,1,1,,,,,,,,,,,,,,,,,,,,,,,,,,,,,,,,,,,,,
Saudi Arabia,recovered,330181,329715,329270,328895,328538,328165,327795,327327,326820,326339,325839,325330,324737,324282,323769,323208,322612,322055,321485,320974,320348,319746,319154,318542,317846,317005,316405,315636,314793,313786,312684,311499,310439,309430,308352,307207,306004,305022,303930,302870,301836,300933,299998,298966,298246,297623,296737,295842,295063,293964,292510,291514,290796,289667,288441,287403,286255,284945,283932,282888,280143,278441,277067,275476,274091,272911,268385,266953,264487,262959,260393,257269,255118,253478,252039,250440,248948,247089,245314,243713,242055,240081,237548,235658,231198,228569,225624,222936,220323,217782,215731,213490,210398,207259,203259,197735,194218,191161,187622,183048,177560,169842,167138,165396,163026,161096,158050,154839,149634,145236,143256,140614,137669,132760,130766,127118,124755,122128,120471,117882,112797,109885,105175,101130,98917,95764,93915,91662,89540,87890,84720,82548,81029,80019,77954,76339,74524,72817,71791,70616,68965,68159,65790,64306,62442,58883,57013,54553,51022,48450,45668,43520,41236,39003,36040,33478,31634,28748,25722,23666,21869,19051,17622,15257,12737,11457,10144,9120,7798,6783,5431,4476,4134,3765,3555,3163,2953,2784,2531,2357,2215,2049,1925,1812,1640,1490,1398,1329,1049,990,931,889,805,761,720,685,666,631,615,551,488,420,351,328,264,165,115,66,37,35,33,29,28,16,16,16,8,6,6,6,2,1,1,1,1,1,1,,,,,,,,,,,,,,,,,,,,,,,,,,,,,,,,,,,,,,,,,,,,,
Saudi Arabia,death,5250,5235,5217,5201,5185,5165,5144,5127,5108,5087,5068,5043,5018,4996,4972,4947,4923,4898,4875,4850,4823,4794,4768,4739,4712,4683,4655,4625,4599,4569,4542,4512,4485,4458,4430,4399,4369,4338,4305,4268,4240,4213,4189,4165,4137,4107,4081,4049,4015,3982,3956,3929,3897,3870,3840,3813,3785,3755,3722,3691,3649,3619,3580,3548,3506,3470,3436,3408,3369,3338,3303,3269,3233,3199,3167,3130,3093,3055,3020,2984,2949,2917,2887,2866,2842,2816,2789,2760,2733,2703,2672,2635,2601,2557,2523,2486,2447,2407,2370,2325,2283,2243,2223,2181,2151,2100,2059,2017,1968,1916,1858,1802,1752,1698,1649,1599,1551,1511,1474,1428,1387,1346,1307,1267,1230,1184,1139,1091,1052,1011,972,932,893,857,819,783,746,712,676,642,611,579,549,525,503,480,458,441,425,411,399,390,379,364,351,339,329,320,312,302,292,283,273,264,255,246,239,229,219,209,200,191,184,176,169,162,157,152,144,139,136,127,121,114,109,103,97,92,87,83,79,73,65,59,52,47,44,41,41,38,34,29,25,21,16,10,8,8,4,3,3,2,1,,,,,,,,,,,,,,,,,,,,,,,,,,,,,,,,,,,,,,,,,,,,,,,,,,,,,,,,,,,
Somalia,confirm,3897,3890,3890,3890,3864,3864,3864,3864,3864,3864,3864,3864,3847,3745,3745,3745,3745,3745,3745,3593,3593,3593,3588,3588,3588,3588,3588,3465,3465,3465,3465,3465,3442,3401,3390,3390,3390,3390,3389,3389,3376,3376,3371,3371,3371,3362,3362,3332,3332,3310,3310,3310,3310,3310,3310,3275,3275,3275,3275,3269,3269,3269,3265,3265,3265,3257,3257,3256,3250,3250,3227,3227,3227,3227,3227,3227,3227,3227,3227,3220,3220,3220,3212,3212,3212,3212,3212,3196,3178,3178,3171,3171,3161,3135,3130,3119,3111,3106,3106,3083,3076,3072,3059,3051,3038,3038,3028,3015,3006,2997,2961,2944,2944,2924,2924,2904,2894,2878,2878,2878,2835,2812,2812,2779,2755,2719,2719,2696,2658,2642,2618,2579,2513,2513,2452,2416,2368,2334,2289,2204,2204,2146,2089,2023,1976,1916,1828,1828,1731,1711,1689,1594,1594,1594,1594,1573,1502,1455,1421,1357,1284,1284,1219,1170,1089,1054,997,928,928,873,835,756,722,671,601,601,582,528,480,436,390,328,328,286,286,237,164,135,116,80,80,60,60,25,21,21,12,12,8,7,7,7,7,5,5,5,3,3,3,3,2,1,1,1,1,1,1,1,1,1,1,,,,,,,,,,,,,,,,,,,,,,,,,,,,,,,,,,,,,,,,,,,,,,,,,,,
Somalia,recovered,3166,3166,3166,3089,3089,3089,3089,3089,3089,3089,3089,3089,3079,3010,3010,3010,3010,3010,3010,3001,3001,3001,2946,2946,2946,2946,2943,2877,2877,2877,2877,2877,2877,2812,2812,2812,2812,2812,2803,2803,2791,2791,2738,2738,2738,2696,2696,2696,2696,2481,2481,2481,2481,2481,2481,2443,2443,2443,2443,2443,2396,2396,2396,2396,2396,2374,2374,2374,2268,2268,1728,1728,1728,1728,1728,1728,1728,1728,1728,1598,1598,1598,1562,1562,1562,1562,1562,1543,1521,1521,1499,1499,1495,1464,1462,1457,1452,1444,1444,1425,1380,1343,1264,1264,1209,1209,1147,1096,1051,1014,973,951,951,932,910,910,887,868,868,868,829,818,818,782,751,724,724,685,649,622,577,559,532,532,506,489,470,441,431,418,418,406,361,361,348,327,310,310,265,253,235,204,204,204,204,188,178,163,152,148,135,135,130,126,121,118,110,106,106,87,75,61,44,34,31,31,20,19,10,10,8,8,8,4,4,4,3,2,2,2,2,2,2,2,1,1,1,1,1,1,1,1,1,1,1,1,,,,,,,,,,,,,,,,,,,,,,,,,,,,,,,,,,,,,,,,,,,,,,,,,,,,,,,,,,,,,,,,,,
Somalia,death,102,101,101,99,99,99,99,99,99,99,99,99,99,99,99,99,99,99,99,99,99,99,99,99,99,99,99,98,98,98,98,98,98,98,98,98,98,98,98,98,98,98,97,97,97,97,97,97,97,98,98,98,98,98,97,95,95,95,95,93,93,93,93,93,93,93,93,93,93,93,93,93,93,93,93,93,93,93,93,93,93,93,93,93,93,93,93,93,93,93,93,93,93,93,93,93,93,93,93,93,93,93,93,92,92,92,92,92,92,92,92,90,90,90,90,90,90,90,90,90,90,90,90,90,88,88,88,88,88,88,88,87,85,85,85,85,84,83,82,79,79,79,79,79,78,73,72,72,67,67,66,61,61,61,61,61,59,57,56,55,53,53,52,52,52,51,48,44,44,39,38,35,32,31,28,28,28,28,26,23,18,16,16,8,8,8,7,7,6,5,5,2,2,1,1,1,1,1,,,,,,,,,,,,,,,,,,,,,,,,,,,,,,,,,,,,,,,,,,,,,,,,,,,,,,,,,,,,,,,,,,,,,,,,,,
Sudan,confirm,13724,13724,13724,13724,13697,13691,13691,13691,13691,13691,13691,13673,13670,13670,13670,13668,13653,13653,13653,13653,13653,13653,13640,13640,13606,13606,13606,13592,13592,13578,13578,13555,13555,13535,13535,13535,13535,13535,13535,13516,13470,13470,13437,13437,13437,13437,13437,13407,13189,13189,13189,13189,13189,13189,13189,13082,13045,12974,12974,12903,12836,12682,12623,12582,12546,12485,12410,12314,12211,12162,12115,12033,12033,11956,11956,11894,11894,11780,11780,11780,11738,11738,11738,11644,11496,11496,11496,11424,11385,11385,11302,11237,11237,10992,10992,10992,10682,10527,10527,10527,10417,10316,10250,10250,10204,10158,10084,9997,9894,9767,9767,9663,9573,9573,9257,9257,9257,9257,9257,8984,8889,8889,8698,8580,8580,8316,8020,8020,7740,7435,7220,7007,6879,6730,6582,6427,6242,6081,6081,5865,5714,5499,5310,5173,5026,4800,4521,4346,4346,3976,3976,3820,3628,3378,3138,2728,2728,2591,2289,2289,1964,1818,1818,1661,1526,1365,1164,1111,930,852,778,678,592,592,533,442,375,318,275,237,213,174,174,140,107,107,66,66,33,32,32,32,29,19,19,17,15,14,14,12,12,10,10,8,7,7,6,6,5,3,3,3,3,2,2,2,2,2,2,1,1,1,1,1,,,,,,,,,,,,,,,,,,,,,,,,,,,,,,,,,,,,,,,,,,,,,,,,
Sudan,recovered,6764,6764,6764,6764,6764,6764,6764,6764,6764,6764,6764,6764,6764,6764,6764,6764,6764,6764,6764,6764,6764,6764,6764,6764,6764,6764,6764,6764,6764,6760,6760,6760,6760,6759,6759,6759,6759,6759,6759,6757,6731,6731,6730,6730,6730,6730,6730,6725,6612,6612,6612,6612,6612,6612,6612,6603,6594,6557,6557,6538,6497,6492,6476,6456,6429,6398,6385,6350,6340,6325,6305,6282,6282,6266,6266,6243,6243,6194,6194,6194,6137,6137,6137,6119,6001,6001,6001,5939,5890,5890,5855,5835,5835,5707,5707,5707,5637,5601,5601,5601,5579,5403,5341,5341,5277,5200,5074,5034,4899,4673,4673,4624,4606,4606,4014,4014,4014,4014,4014,3806,3699,3699,3460,3325,3325,3086,2966,2966,2820,2720,2610,2556,2416,2278,2202,2127,2059,2014,2014,1924,1825,1711,1625,1522,1423,1272,816,749,749,503,503,458,424,372,309,286,286,247,222,222,205,198,198,173,162,149,119,102,92,80,70,61,52,52,46,39,32,31,21,20,19,14,14,12,8,8,6,6,4,4,4,4,4,2,2,2,2,2,2,2,2,2,2,2,2,1,,,,,,,,,,,,,,,,,,,,,,,,,,,,,,,,,,,,,,,,,,,,,,,,,,,,,,,,,,,,,,,,,,
Sudan,death,836,836,836,836,836,836,836,836,836,836,836,836,836,836,836,836,836,836,836,836,836,836,836,836,836,836,836,836,836,836,836,836,836,836,836,836,836,836,836,835,834,834,833,833,833,833,833,832,823,823,823,823,823,823,823,823,823,819,819,818,815,815,812,812,808,805,803,798,796,793,792,786,786,781,781,773,773,763,763,763,752,752,752,746,725,725,725,720,717,717,715,708,708,693,693,693,673,668,668,668,659,657,650,650,649,641,636,622,616,608,608,604,602,602,572,572,572,572,572,556,548,548,533,521,521,506,487,487,477,468,459,447,433,413,401,389,372,359,359,347,333,314,307,298,286,262,233,195,195,170,170,165,146,137,121,111,111,105,97,97,91,90,90,80,74,70,64,59,52,49,45,41,41,41,36,31,28,25,22,21,17,16,16,13,12,12,10,10,6,5,5,5,4,2,2,2,2,2,2,2,2,2,2,2,2,2,2,1,1,1,1,1,1,1,1,1,1,1,1,1,1,1,1,1,,,,,,,,,,,,,,,,,,,,,,,,,,,,,,,,,,,,,,,,,,,,,,,,
Syria,confirm,5267,5224,5180,5134,5077,5033,4987,4931,4883,4826,4774,4718,4673,4616,4566,4504,4457,4411,4366,4329,4289,4247,4200,4148,4102,4072,4038,4001,3966,3924,3877,3833,3800,3765,3731,3691,3654,3614,3576,3540,3506,3476,3416,3351,3289,3229,3171,3104,3041,2973,2898,2830,2765,2703,2628,2563,2504,2440,2365,2293,2217,2143,2073,2008,1927,1844,1764,1677,1593,1515,1432,1327,1327,1255,1188,1125,1060,999,944,892,847,809,780,757,738,717,694,674,650,627,608,584,561,540,522,496,496,496,477,458,439,417,394,394,394,372,372,372,372,358,338,328,312,293,279,269,256,256,255,242,231,231,219,204,198,187,187,178,177,177,177,170,164,164,152,146,144,141,125,124,124,123,123,123,122,122,122,122,121,121,106,86,70,59,58,58,58,58,58,51,50,48,48,47,47,47,47,47,45,45,44,44,44,44,44,43,43,43,43,43,42,42,42,42,42,39,39,38,38,33,33,29,25,25,25,19,19,19,19,19,19,16,16,16,10,10,10,9,5,5,5,5,1,1,1,,,,,,,,,,,,,,,,,,,,,,,,,,,,,,,,,,,,,,,,,,,,,,,,,,,,,,,,,
Syria,recovered,1655,1629,1596,1565,1528,1494,1456,1425,1389,1364,1331,1296,1271,1235,1212,1198,1183,1168,1155,1143,1130,1117,1103,1088,1074,1062,1048,1028,1013,998,983,963,946,932,918,903,889,871,858,842,827,812,797,780,760,744,730,715,698,681,661,646,629,614,599,584,569,550,533,519,505,490,475,460,445,425,425,417,408,403,395,385,385,364,346,331,311,311,296,283,268,256,237,237,229,229,220,210,200,191,184,174,165,160,154,144,144,144,140,140,138,136,126,126,126,126,126,126,126,126,123,123,113,110,105,102,102,102,102,96,94,94,83,83,83,78,78,78,78,78,74,71,68,68,68,62,62,58,58,53,53,53,50,46,46,43,43,43,43,41,41,41,37,37,36,36,36,36,36,36,36,29,29,29,29,29,29,29,27,27,27,27,27,27,27,21,21,21,19,14,11,6,6,6,6,5,5,5,5,5,5,5,5,5,5,4,4,4,3,2,2,2,,,,,,,,,,,,,,,,,,,,,,,,,,,,,,,,,,,,,,,,,,,,,,,,,,,,,,,,,,,,,,,,,,,,,,
Syria,death,260,257,254,251,248,245,241,238,234,231,228,224,221,218,215,212,209,207,205,204,203,202,200,197,194,192,188,185,183,181,178,175,172,170,168,165,163,160,157,155,152,150,147,143,140,137,134,130,127,124,120,116,112,109,106,103,100,98,95,92,89,85,83,82,78,73,68,64,60,58,55,53,53,52,52,50,48,48,48,46,46,44,43,43,41,40,40,40,38,36,35,35,32,31,29,25,25,25,22,22,21,19,16,16,16,14,14,14,14,13,10,10,9,9,9,9,9,9,8,7,7,7,7,7,7,7,7,7,6,6,6,6,6,6,6,6,6,6,6,6,6,6,6,5,5,4,4,4,4,4,4,4,4,4,3,3,3,3,3,3,3,3,3,3,3,3,3,3,3,3,3,3,3,3,3,3,3,3,3,3,3,3,3,3,3,3,3,2,2,2,2,2,2,2,2,2,2,2,2,2,2,2,2,2,2,2,2,1,,,,,,,,,,,,,,,,,,,,,,,,,,,,,,,,,,,,,,,,,,,,,,,,,,,,,,,,,,,,,,,,
Tunisia,confirm,45892,45892,44450,42727,40542,40542,34790,34790,34790,32556,32556,32556,31259,26899,26899,24542,22230,22230,22230,20944,19721,18413,18413,17405,16114,16114,14392,14392,13305,12479,11260,11260,10732,9110,8570,8570,8100,7623,7382,6635,6635,6259,5882,5417,5417,5124,5041,4776,4542,4394,4196,3963,3803,3685,3572,3461,3323,3206,3069,2893,2818,2738,2607,2543,2427,2314,2185,2107,2023,1903,1847,1780,1738,1717,1697,1678,1656,1642,1601,1584,1565,1561,1552,1535,1514,1488,1468,1455,1452,1443,1425,1406,1394,1389,1381,1374,1348,1336,1327,1319,1306,1302,1263,1245,1240,1231,1221,1205,1199,1188,1186,1181,1178,1175,1174,1172,1169,1168,1164,1162,1160,1159,1159,1157,1156,1146,1132,1128,1125,1110,1096,1094,1093,1087,1087,1087,1087,1087,1087,1087,1087,1087,1086,1084,1077,1076,1071,1068,1051,1051,1051,1051,1048,1048,1046,1045,1044,1043,1037,1037,1035,1032,1032,1032,1032,1032,1032,1030,1026,1025,1022,1018,1013,1009,998,994,980,975,967,949,939,922,918,909,884,884,879,864,864,822,780,747,726,707,685,671,643,628,623,596,574,553,495,455,423,394,312,312,278,227,197,173,114,89,75,60,54,39,29,24,20,18,18,16,7,7,5,2,2,1,1,1,1,,,,,,,,,,,,,,,,,,,,,,,,,,,,,,,,,,,,,,,
Tunisia,recovered,5032,5032,5032,5032,5032,5032,5032,5032,5032,5032,5032,5032,5032,5032,5032,5032,5032,5032,5032,5032,5032,5032,5032,5032,5032,5032,5032,5032,5032,2386,2386,2386,2386,2366,2342,2342,2309,2262,2175,1991,1991,1956,1862,1862,1862,1788,1752,1701,1699,1681,1628,1624,1573,1562,1536,1522,1504,1476,1456,1454,1443,1434,1420,1397,1395,1370,1362,1358,1327,1320,1302,1278,1272,1265,1263,1259,1251,1241,1233,1227,1225,1221,1217,1195,1187,1178,1168,1157,1142,1133,1124,1118,1108,1103,1099,1097,1095,1095,1093,1091,1087,1082,1076,1076,1067,1055,1050,1049,1049,1048,1046,1045,1039,1038,1031,1029,1029,1025,1023,1023,1023,1023,1020,1020,1017,1014,1006,1004,1002,999,998,995,995,989,983,982,982,982,977,969,968,965,965,964,960,950,946,938,929,929,919,917,914,903,883,862,826,819,816,807,802,770,759,740,727,700,660,638,600,591,482,406,328,323,316,305,294,279,279,216,207,194,190,190,148,148,43,43,43,43,43,43,43,43,43,25,25,25,25,5,5,5,5,5,5,3,3,2,2,2,2,2,1,1,1,,,,,,,,,,,,,,,,,,,,,,,,,,,,,,,,,,,,,,,,,,,,,,,,,,,,,,,,,
Tunisia,death,740,740,711,687,626,626,512,512,512,478,478,478,456,409,409,364,321,321,321,276,271,265,265,246,214,214,191,191,180,174,164,164,159,138,133,133,129,123,117,107,107,103,99,96,96,94,93,93,87,84,81,80,77,76,76,74,73,71,71,71,71,68,64,63,60,57,56,54,54,53,53,52,52,51,51,51,51,51,51,51,51,51,51,50,50,50,50,50,50,50,50,50,50,50,50,50,50,50,50,50,50,50,50,50,50,50,50,50,50,50,50,50,50,50,50,50,50,50,50,50,50,50,50,50,50,50,50,50,49,49,49,49,49,49,49,49,49,49,49,49,49,49,48,48,48,48,48,48,48,48,48,48,48,47,47,47,47,46,45,45,45,45,45,45,45,45,45,45,44,43,43,43,42,42,41,41,40,40,39,38,38,38,38,38,38,38,38,37,37,37,35,34,34,31,28,25,25,24,23,22,22,18,18,14,12,10,8,8,8,6,6,5,4,3,3,1,1,1,,,,,,,,,,,,,,,,,,,,,,,,,,,,,,,,,,,,,,,,,,,,,,,,,,,,,,
UAE,confirm,120710,119132,117594,116517,115602,114387,112849,111437,110039,108608,107293,106229,105133,104004,102929,101840,100794,99733,98801,97760,96529,95348,94190,93090,92095,91469,90618,89540,88532,87530,86447,85595,84916,84242,83433,82568,81782,80940,80266,79489,78849,77842,76911,75981,75098,74454,73984,73471,72766,72154,71540,70805,70231,69690,69328,68901,68511,68020,67621,67282,67007,66617,66193,65802,65341,64906,64541,64312,64102,63819,63489,63212,62966,62704,62525,62300,62061,61845,61606,61352,61163,60999,60760,60506,60223,59921,59546,59177,58913,58562,58249,57988,57734,57498,57193,56922,56711,56422,56129,55848,55573,55198,54854,54453,54050,53577,53045,52600,52068,51540,50857,50141,49469,49069,48667,48246,47797,47360,46973,46563,46133,45683,45303,44925,44533,44145,43752,43364,42982,42636,42294,41990,41499,40986,40507,39904,39376,38808,38268,37642,37018,36359,35788,35192,34557,33896,33170,32532,31969,31086,30307,29485,28704,27892,26898,26004,25063,24190,23358,22627,21831,21084,20386,19661,18878,18198,17417,16793,16240,15738,15192,14730,14163,13599,13038,12481,11929,11380,10839,10349,9813,9281,8756,8238,7755,7265,6781,6302,6302,5825,5365,4933,4521,4123,3736,3360,2990,2659,2359,2076,1799,1505,1264,1024,814,664,611,570,468,405,333,333,248,198,153,153,140,140,113,98,98,98,85,85,85,74,74,45,45,45,29,29,27,27,21,21,21,19,13,13,13,13,13,13,9,9,9,9,9,9,8,8,8,8,8,8,7,7,5,5,5,5,5,5,4,4,4,4,,,,
UAE,recovered,113364,111814,110313,108811,107516,106354,104943,103325,101659,100007,98555,97284,95973,94903,93479,91710,90556,89410,88123,87122,86071,84903,83724,82538,81462,80544,79676,78819,77937,76995,76025,75086,74273,73512,72790,72117,71456,70635,69981,69451,68983,68462,67945,67359,66943,66533,66095,63652,63158,62668,62029,61491,60931,60600,60202,59861,59472,59070,58754,58582,58488,58408,58296,58153,58022,57909,57794,57694,57571,57473,57372,57193,56961,56766,56568,56245,56015,55739,55385,55090,54863,54615,54255,53909,53626,53202,52905,52510,52182,51628,51235,50848,50354,49964,49621,49269,48917,48448,47412,46418,46025,45513,45140,44648,43969,43570,42282,41714,40721,40297,39857,39153,38664,38160,37566,37076,36411,35834,35469,35165,34405,33703,33046,32415,31754,30996,30241,29537,28861,28129,27462,26761,25946,25234,24017,22740,22275,21806,21061,20337,19572,19153,18726,18338,17932,17546,17097,16685,16371,15982,15657,15056,14495,13798,12755,11809,10791,9577,8512,7931,7328,6930,6523,6012,5381,4804,4295,3837,3572,3359,3153,2966,2763,2664,2543,2429,2329,2181,2090,1978,1887,1760,1637,1546,1443,1360,1286,1188,1188,1095,1034,933,852,680,588,418,268,239,186,167,144,125,108,96,61,61,61,58,52,52,52,52,45,38,38,38,31,31,26,23,23,23,17,17,17,17,12,7,7,7,5,5,5,5,5,5,5,5,4,4,4,4,4,4,4,4,4,4,4,4,3,1,1,1,,,,,,,,,,,,,,,,,,
UAE,death,474,472,470,466,463,459,455,452,450,448,446,445,443,442,438,436,435,429,426,426,424,421,419,416,413,412,411,409,407,406,405,405,404,404,403,402,402,401,399,399,399,398,398,393,391,390,388,388,387,387,387,384,384,382,379,379,378,378,377,376,375,372,370,369,367,366,364,364,361,359,358,358,358,357,357,356,356,354,353,351,351,351,351,351,349,347,347,345,344,343,343,342,342,341,340,339,338,337,335,335,335,334,333,331,330,328,327,326,324,323,321,318,317,316,315,314,313,311,310,308,307,305,303,302,301,300,298,295,293,291,289,288,287,286,284,283,281,276,275,274,273,270,269,266,264,262,260,258,255,253,248,245,244,241,237,233,227,224,220,214,210,208,206,203,201,198,185,174,165,157,146,137,126,119,111,105,98,89,82,76,71,64,56,52,46,43,41,37,37,35,33,28,25,22,20,16,14,12,12,11,10,10,9,8,8,6,5,3,2,2,2,2,2,2,2,2,2,,,,,,,,,,,,,,,,,,,,,,,,,,,,,,,,,,,,,,,,,,,,,,,,,,,,,,,
Yemen,confirm,2057,2057,2057,2056,2056,2055,2055,2053,2053,2053,2052,2052,2051,2051,2050,2049,2047,2041,2041,2041,2040,2039,2034,2031,2031,2030,2030,2029,2029,2029,2028,2028,2026,2026,2024,2022,2019,2016,2013,2011,2009,2007,2003,1999,1994,1989,1987,1983,1983,1979,1976,1962,1958,1953,1946,1943,1933,1930,1924,1916,1911,1907,1906,1899,1892,1889,1882,1869,1858,1858,1847,1841,1831,1832,1804,1797,1796,1768,1763,1760,1734,1734,1730,1728,1726,1711,1703,1691,1681,1674,1674,1654,1640,1629,1619,1606,1581,1576,1552,1526,1516,1498,1465,1389,1380,1356,1318,1297,1284,1265,1248,1240,1221,1190,1158,1128,1118,1103,1089,1076,1015,992,967,941,922,919,909,902,885,844,728,705,632,591,560,524,496,484,482,469,453,419,399,354,323,310,283,278,256,249,233,222,212,209,197,184,167,130,128,122,106,85,70,65,56,51,34,34,25,25,22,12,10,10,7,6,6,1,1,1,1,1,1,1,1,1,1,1,1,1,1,1,1,1,1,1,,,,,,,,,,,,,,,,,,,,,,,,,,,,,,,,,,,,,,,,,,,,,,,,,,,,,,,,,,,,,,,,,,,,,,,,,,,,
Yemen,recovered,1344,1344,1338,1338,1338,1336,1335,1329,1329,1329,1329,1329,1329,1329,1329,1328,1327,1323,1320,1320,1307,1297,1286,1275,1266,1266,1260,1255,1250,1245,1240,1235,1227,1221,1221,1221,1221,1219,1215,1212,1211,1211,1211,1209,1203,1201,1200,1197,1194,1180,1175,1160,1131,1123,1113,1107,1098,1097,1091,1090,1086,1066,1058,1058,1055,1052,1045,1013,1013,1009,949,937,915,915,913,910,907,898,894,863,863,862,862,862,856,849,840,833,797,780,779,762,751,741,714,712,701,695,695,694,685,675,659,642,630,619,595,591,575,552,537,536,513,504,488,432,430,417,402,386,379,356,350,347,328,288,273,271,91,79,53,39,28,23,23,23,23,23,23,23,17,17,15,14,14,13,11,11,10,10,10,10,11,11,5,5,5,1,1,1,1,1,1,1,1,1,1,1,1,1,1,1,1,1,1,1,1,1,1,1,1,1,,,,,,,,,,,,,,,,,,,,,,,,,,,,,,,,,,,,,,,,,,,,,,,,,,,,,,,,,,,,,,,,,,,,,,,,,,,,,,,,,,,,,,,,,,
Yemen,death,597,597,597,597,597,596,596,596,596,596,596,595,595,593,593,593,593,592,591,589,589,587,587,587,587,587,587,587,586,586,586,586,586,585,585,585,583,583,583,583,582,582,580,576,576,573,572,572,572,571,571,570,566,564,563,563,562,560,557,555,553,546,542,541,539,537,535,530,528,528,528,528,523,518,515,512,512,508,508,506,499,497,494,493,487,485,484,483,479,474,469,461,458,456,447,445,443,440,438,433,429,424,417,365,364,361,351,348,345,338,337,335,325,318,312,304,302,296,293,288,274,261,257,256,254,251,248,244,214,208,164,160,139,136,129,127,112,112,111,111,103,95,87,84,80,77,65,57,53,49,44,42,39,33,33,30,28,20,20,18,15,12,12,10,9,8,7,7,5,5,4,2,2,2,2,2,,,,,,,,,,,,,,,,,,,,,,,,,,,,,,,,,,,,,,,,,,,,,,,,,,,,,,,,,,,,,,,,,,,,,,,,,,,,,,,,,,,,,,,,,,,,,,,,